"date","name","fullname","megabytes","height_pixels","width_pixels","megapixels"
"5/9/2018 10:41:32 AM","bamboo1.png","\\beast\c\initium\Initium-Resources\war\images\2d\bamboo\bamboo1.png","0.00660419464111328","73","47","0.003431"
"5/9/2018 10:41:34 AM","bamboo10.png","\\beast\c\initium\Initium-Resources\war\images\2d\bamboo\bamboo10.png","0.0202131271362305","322","61","0.019642"
"5/9/2018 10:41:36 AM","bamboo11.png","\\beast\c\initium\Initium-Resources\war\images\2d\bamboo\bamboo11.png","0.00660419464111328","73","47","0.003431"
"5/9/2018 10:41:39 AM","bamboo2.png","\\beast\c\initium\Initium-Resources\war\images\2d\bamboo\bamboo2.png","0.0145893096923828","156","64","0.009984"
"5/9/2018 10:41:41 AM","bamboo3.png","\\beast\c\initium\Initium-Resources\war\images\2d\bamboo\bamboo3.png","0.0288457870483398","206","113","0.023278"
"5/9/2018 10:41:43 AM","bamboo4.png","\\beast\c\initium\Initium-Resources\war\images\2d\bamboo\bamboo4.png","0.00572872161865234","81","41","0.003321"
"5/9/2018 10:41:45 AM","bamboo5.png","\\beast\c\initium\Initium-Resources\war\images\2d\bamboo\bamboo5.png","0.00572872161865234","81","41","0.003321"
"5/9/2018 10:41:47 AM","bamboo6.png","\\beast\c\initium\Initium-Resources\war\images\2d\bamboo\bamboo6.png","0.00630092620849609","82","42","0.003444"
"5/9/2018 10:41:49 AM","bamboo7.png","\\beast\c\initium\Initium-Resources\war\images\2d\bamboo\bamboo7.png","0.00630092620849609","82","42","0.003444"
"5/9/2018 10:41:52 AM","bamboo8.png","\\beast\c\initium\Initium-Resources\war\images\2d\bamboo\bamboo8.png","0.020817756652832","206","80","0.01648"
"5/9/2018 10:41:54 AM","bamboo9.png","\\beast\c\initium\Initium-Resources\war\images\2d\bamboo\bamboo9.png","0.020817756652832","206","80","0.01648"
"5/23/2018 10:38:04 PM","loghouse1.png","\\beast\c\initium\Initium-Resources\war\images\2d\buildings\loghouse1.png","0.0668344497680664","540","960","0.5184"
"5/23/2018 10:36:58 PM","mudhut1.png","\\beast\c\initium\Initium-Resources\war\images\2d\buildings\mudhut1.png","0.101020812988281","270","480","0.1296"
"5/23/2018 10:37:11 PM","mudhut2.png","\\beast\c\initium\Initium-Resources\war\images\2d\buildings\mudhut2.png","0.0971689224243164","270","480","0.1296"
"5/23/2018 10:39:52 PM","roundthatchhut1.png","\\beast\c\initium\Initium-Resources\war\images\2d\buildings\roundthatchhut1.png","0.0272941589355469","270","480","0.1296"
"5/9/2018 10:37:58 AM","bush1.png","\\beast\c\initium\Initium-Resources\war\images\2d\bushes\bush1.png","0.0160627365112305","86","130","0.01118"
"5/9/2018 10:38:00 AM","bush2.png","\\beast\c\initium\Initium-Resources\war\images\2d\bushes\bush2.png","0.0146646499633789","103","112","0.011536"
"5/9/2018 10:38:02 AM","bush3.png","\\beast\c\initium\Initium-Resources\war\images\2d\bushes\bush3.png","0.0139303207397461","100","113","0.0113"
"5/9/2018 10:38:05 AM","bush4.png","\\beast\c\initium\Initium-Resources\war\images\2d\bushes\bush4.png","0.0188379287719727","104","112","0.011648"
"5/9/2018 10:38:08 AM","bush5.png","\\beast\c\initium\Initium-Resources\war\images\2d\bushes\bush5.png","0.013702392578125","94","94","0.008836"
"5/9/2018 10:38:11 AM","bush6.png","\\beast\c\initium\Initium-Resources\war\images\2d\bushes\bush6.png","0.0195446014404297","100","156","0.0156"
"5/9/2018 10:38:13 AM","bush7.png","\\beast\c\initium\Initium-Resources\war\images\2d\bushes\bush7.png","0.0171670913696289","105","107","0.011235"
"5/9/2018 10:38:16 AM","bush8.png","\\beast\c\initium\Initium-Resources\war\images\2d\bushes\bush8.png","0.0130081176757813","102","98","0.009996"
"5/9/2018 10:45:18 AM","bigcactus1.png","\\beast\c\initium\Initium-Resources\war\images\2d\cacti\bigcactus1.png","0.0172529220581055","182","64","0.011648"
"5/9/2018 10:45:20 AM","bigcactus2.png","\\beast\c\initium\Initium-Resources\war\images\2d\cacti\bigcactus2.png","0.0175027847290039","181","65","0.011765"
"5/9/2018 10:45:23 AM","bigcactus3.png","\\beast\c\initium\Initium-Resources\war\images\2d\cacti\bigcactus3.png","0.0216188430786133","170","101","0.01717"
"5/9/2018 10:45:25 AM","bigcactus4.png","\\beast\c\initium\Initium-Resources\war\images\2d\cacti\bigcactus4.png","0.0249719619750977","177","112","0.019824"
"5/9/2018 10:45:28 AM","cactus1.png","\\beast\c\initium\Initium-Resources\war\images\2d\cacti\cactus1.png","0.0137224197387695","126","76","0.009576"
"5/9/2018 10:45:30 AM","cactus10.png","\\beast\c\initium\Initium-Resources\war\images\2d\cacti\cactus10.png","0.0114336013793945","85","73","0.006205"
"5/9/2018 10:45:32 AM","cactus11.png","\\beast\c\initium\Initium-Resources\war\images\2d\cacti\cactus11.png","0.0121784210205078","113","64","0.007232"
"5/9/2018 10:45:34 AM","cactus12.png","\\beast\c\initium\Initium-Resources\war\images\2d\cacti\cactus12.png","0.00997352600097656","110","48","0.00528"
"5/9/2018 10:45:37 AM","cactus13.png","\\beast\c\initium\Initium-Resources\war\images\2d\cacti\cactus13.png","0.0131978988647461","117","71","0.008307"
"5/9/2018 10:45:39 AM","cactus14.png","\\beast\c\initium\Initium-Resources\war\images\2d\cacti\cactus14.png","0.0110931396484375","124","64","0.007936"
"5/9/2018 10:45:41 AM","cactus2.png","\\beast\c\initium\Initium-Resources\war\images\2d\cacti\cactus2.png","0.0104827880859375","126","66","0.008316"
"5/9/2018 10:45:43 AM","cactus3.png","\\beast\c\initium\Initium-Resources\war\images\2d\cacti\cactus3.png","0.0121383666992188","114","68","0.007752"
"5/9/2018 10:45:46 AM","cactus4.png","\\beast\c\initium\Initium-Resources\war\images\2d\cacti\cactus4.png","0.00824069976806641","84","51","0.004284"
"5/9/2018 10:45:48 AM","cactus5.png","\\beast\c\initium\Initium-Resources\war\images\2d\cacti\cactus5.png","0.0060577392578125","45","64","0.00288"
"5/9/2018 10:45:50 AM","cactus6.png","\\beast\c\initium\Initium-Resources\war\images\2d\cacti\cactus6.png","0.0153255462646484","85","122","0.01037"
"5/9/2018 10:45:52 AM","cactus7.png","\\beast\c\initium\Initium-Resources\war\images\2d\cacti\cactus7.png","0.00683021545410156","96","48","0.004608"
"5/9/2018 10:45:55 AM","cactus8.png","\\beast\c\initium\Initium-Resources\war\images\2d\cacti\cactus8.png","0.014674186706543","85","102","0.00867"
"5/9/2018 10:45:58 AM","cactus9.png","\\beast\c\initium\Initium-Resources\war\images\2d\cacti\cactus9.png","0.0124034881591797","70","94","0.00658"
"5/9/2018 10:46:00 AM","desertplant1.png","\\beast\c\initium\Initium-Resources\war\images\2d\cacti\desertplant1.png","0.0133428573608398","105","91","0.009555"
"5/9/2018 10:46:03 AM","desertplant2.png","\\beast\c\initium\Initium-Resources\war\images\2d\cacti\desertplant2.png","0.0152873992919922","125","88","0.011"
"5/9/2018 10:46:05 AM","desertplant3.png","\\beast\c\initium\Initium-Resources\war\images\2d\cacti\desertplant3.png","0.015315055847168","105","91","0.009555"
"5/9/2018 10:46:07 AM","desertplant4.png","\\beast\c\initium\Initium-Resources\war\images\2d\cacti\desertplant4.png","0.0164966583251953","125","88","0.011"
"5/9/2018 11:03:28 AM","deadtree1.png","\\beast\c\initium\Initium-Resources\war\images\2d\deadTrees\deadtree1.png","0.0162582397460938","88","126","0.011088"
"5/9/2018 11:04:20 AM","deadtree2.png","\\beast\c\initium\Initium-Resources\war\images\2d\deadTrees\deadtree2.png","0.00834274291992188","84","73","0.006132"
"5/9/2018 11:04:03 AM","deadtree3.png","\\beast\c\initium\Initium-Resources\war\images\2d\deadTrees\deadtree3.png","0.0748329162597656","510","262","0.13362"
"5/9/2018 11:03:52 AM","deadtree4.png","\\beast\c\initium\Initium-Resources\war\images\2d\deadTrees\deadtree4.png","0.112404823303223","509","308","0.156772"
"5/9/2018 11:03:41 AM","deadtree5.png","\\beast\c\initium\Initium-Resources\war\images\2d\deadTrees\deadtree5.png","0.0311660766601563","342","110","0.03762"
"5/9/2018 11:14:59 AM","log1.png","\\beast\c\initium\Initium-Resources\war\images\2d\deadTrees\log1.png","0.0150480270385742","104","112","0.011648"
"5/9/2018 11:14:50 AM","log2.png","\\beast\c\initium\Initium-Resources\war\images\2d\deadTrees\log2.png","0.0110206604003906","134","64","0.008576"
"5/9/2018 11:14:40 AM","log3.png","\\beast\c\initium\Initium-Resources\war\images\2d\deadTrees\log3.png","0.0130786895751953","105","112","0.01176"
"5/9/2018 11:14:29 AM","stump1.png","\\beast\c\initium\Initium-Resources\war\images\2d\deadTrees\stump1.png","0.0149497985839844","101","112","0.011312"
"5/9/2018 11:14:19 AM","stump2.png","\\beast\c\initium\Initium-Resources\war\images\2d\deadTrees\stump2.png","0.0147409439086914","94","104","0.009776"
"5/9/2018 11:14:06 AM","stump3.png","\\beast\c\initium\Initium-Resources\war\images\2d\deadTrees\stump3.png","0.017115592956543","98","125","0.01225"
"5/7/2018 10:29:14 PM","bones1.png","\\beast\c\initium\Initium-Resources\war\images\2d\desert\bones1.png","0.0244274139404297","137","212","0.029044"
"5/7/2018 10:29:15 PM","bones2.png","\\beast\c\initium\Initium-Resources\war\images\2d\desert\bones2.png","0.0379247665405273","137","212","0.029044"
"5/7/2018 10:29:16 PM","bones3.png","\\beast\c\initium\Initium-Resources\war\images\2d\desert\bones3.png","0.0277137756347656","161","218","0.035098"
"3/26/2018 9:16:01 PM","tile-grass0.png","\\beast\c\initium\Initium-Resources\war\images\2d\floor\grass\tile-grass0.png","0.0455188751220703","128","128","0.016384"
"3/26/2018 9:16:01 PM","tile-grass1.png","\\beast\c\initium\Initium-Resources\war\images\2d\floor\grass\tile-grass1.png","0.0391273498535156","128","128","0.016384"
"3/26/2018 9:16:01 PM","tile-grass2.png","\\beast\c\initium\Initium-Resources\war\images\2d\floor\grass\tile-grass2.png","0.0353097915649414","128","128","0.016384"
"3/26/2018 9:16:01 PM","tile-grass3.png","\\beast\c\initium\Initium-Resources\war\images\2d\floor\grass\tile-grass3.png","0.0400495529174805","128","128","0.016384"
"3/26/2018 9:16:01 PM","tile-grass4.png","\\beast\c\initium\Initium-Resources\war\images\2d\floor\grass\tile-grass4.png","0.0342025756835938","128","128","0.016384"
"3/26/2018 9:16:01 PM","tile-grass5.png","\\beast\c\initium\Initium-Resources\war\images\2d\floor\grass\tile-grass5.png","0.0397567749023438","128","128","0.016384"
"3/26/2018 9:16:01 PM","tile-grass6.png","\\beast\c\initium\Initium-Resources\war\images\2d\floor\grass\tile-grass6.png","0.0377788543701172","128","128","0.016384"
"3/26/2018 9:16:01 PM","tile-grass7.png","\\beast\c\initium\Initium-Resources\war\images\2d\floor\grass\tile-grass7.png","0.0363912582397461","128","128","0.016384"
"5/9/2018 10:49:27 AM","flower1.png","\\beast\c\initium\Initium-Resources\war\images\2d\flowers\flower1.png","0.0166597366333008","144","64","0.009216"
"5/9/2018 10:49:29 AM","flower2.png","\\beast\c\initium\Initium-Resources\war\images\2d\flowers\flower2.png","0.0188350677490234","96","113","0.010848"
"5/9/2018 10:49:32 AM","flower3.png","\\beast\c\initium\Initium-Resources\war\images\2d\flowers\flower3.png","0.0194826126098633","113","101","0.011413"
"5/9/2018 10:49:34 AM","flower4.png","\\beast\c\initium\Initium-Resources\war\images\2d\flowers\flower4.png","0.00717353820800781","83","54","0.004482"
"5/9/2018 10:47:19 AM","mushroom1.png","\\beast\c\initium\Initium-Resources\war\images\2d\plants\mushroom1.png","0.00278472900390625","37","33","0.001221"
"5/9/2018 10:47:21 AM","mushroom2.png","\\beast\c\initium\Initium-Resources\war\images\2d\plants\mushroom2.png","0.00488662719726563","43","58","0.002494"
"5/9/2018 10:47:23 AM","mushroom3.png","\\beast\c\initium\Initium-Resources\war\images\2d\plants\mushroom3.png","0.00599193572998047","61","55","0.003355"
"5/9/2018 10:47:25 AM","mushroom4.png","\\beast\c\initium\Initium-Resources\war\images\2d\plants\mushroom4.png","0.00307178497314453","38","34","0.001292"
"5/9/2018 10:47:27 AM","plant1.png","\\beast\c\initium\Initium-Resources\war\images\2d\plants\plant1.png","0.0166149139404297","87","125","0.010875"
"5/9/2018 10:47:29 AM","plant10.png","\\beast\c\initium\Initium-Resources\war\images\2d\plants\plant10.png","0.0138778686523438","62","104","0.006448"
"5/9/2018 10:47:31 AM","plant11.png","\\beast\c\initium\Initium-Resources\war\images\2d\plants\plant11.png","0.00880050659179688","67","82","0.005494"
"5/9/2018 10:47:33 AM","plant12.png","\\beast\c\initium\Initium-Resources\war\images\2d\plants\plant12.png","0.00505638122558594","60","47","0.00282"
"5/9/2018 10:47:36 AM","plant13.png","\\beast\c\initium\Initium-Resources\war\images\2d\plants\plant13.png","0.0136194229125977","96","108","0.010368"
"5/9/2018 10:47:38 AM","plant14.png","\\beast\c\initium\Initium-Resources\war\images\2d\plants\plant14.png","0.00881385803222656","74","92","0.006808"
"5/9/2018 10:47:40 AM","plant15.png","\\beast\c\initium\Initium-Resources\war\images\2d\plants\plant15.png","0.0134706497192383","82","103","0.008446"
"5/9/2018 10:47:42 AM","plant16.png","\\beast\c\initium\Initium-Resources\war\images\2d\plants\plant16.png","0.00866031646728516","74","93","0.006882"
"5/9/2018 10:47:44 AM","plant2.png","\\beast\c\initium\Initium-Resources\war\images\2d\plants\plant2.png","0.0180444717407227","90","118","0.01062"
"5/9/2018 10:47:47 AM","plant3.png","\\beast\c\initium\Initium-Resources\war\images\2d\plants\plant3.png","0.0192232131958008","98","120","0.01176"
"5/9/2018 10:47:49 AM","plant4.png","\\beast\c\initium\Initium-Resources\war\images\2d\plants\plant4.png","0.0235691070556641","109","131","0.014279"
"5/9/2018 10:47:51 AM","plant5.png","\\beast\c\initium\Initium-Resources\war\images\2d\plants\plant5.png","0.0183639526367188","95","132","0.01254"
"5/9/2018 10:47:53 AM","plant6.png","\\beast\c\initium\Initium-Resources\war\images\2d\plants\plant6.png","0.0193166732788086","116","132","0.015312"
"5/9/2018 10:47:56 AM","plant7.png","\\beast\c\initium\Initium-Resources\war\images\2d\plants\plant7.png","0.0114679336547852","77","110","0.00847"
"5/9/2018 10:47:58 AM","plant8.png","\\beast\c\initium\Initium-Resources\war\images\2d\plants\plant8.png","0.0194158554077148","116","115","0.01334"
"5/9/2018 10:48:00 AM","plant9.png","\\beast\c\initium\Initium-Resources\war\images\2d\plants\plant9.png","0.0144014358520508","86","128","0.011008"
"5/7/2018 10:32:00 PM","cattail1.png","\\beast\c\initium\Initium-Resources\war\images\2d\reeds\cattail1.png","0.0271587371826172","171","85","0.014535"
"5/7/2018 10:32:05 PM","cattail2.png","\\beast\c\initium\Initium-Resources\war\images\2d\reeds\cattail2.png","0.0248088836669922","239","195","0.046605"
"5/7/2018 10:32:07 PM","cattail3.png","\\beast\c\initium\Initium-Resources\war\images\2d\reeds\cattail3.png","0.0229196548461914","239","195","0.046605"
"5/7/2018 10:32:19 PM","cattail4.png","\\beast\c\initium\Initium-Resources\war\images\2d\reeds\cattail4.png","0.0332365036010742","239","195","0.046605"
"5/7/2018 10:32:02 PM","cattail5.png","\\beast\c\initium\Initium-Resources\war\images\2d\reeds\cattail5.png","0.0413112640380859","239","195","0.046605"
"5/7/2018 10:32:29 PM","lillypads1.png","\\beast\c\initium\Initium-Resources\war\images\2d\reeds\lillypads1.png","0.0382442474365234","180","256","0.04608"
"5/7/2018 10:32:30 PM","lillypads2.png","\\beast\c\initium\Initium-Resources\war\images\2d\reeds\lillypads2.png","0.0234003067016602","94","175","0.01645"
"5/7/2018 10:32:33 PM","lillypads3.png","\\beast\c\initium\Initium-Resources\war\images\2d\reeds\lillypads3.png","0.0199575424194336","50","82","0.0041"
"5/7/2018 10:32:34 PM","lillypads4.png","\\beast\c\initium\Initium-Resources\war\images\2d\reeds\lillypads4.png","0.0197772979736328","62","101","0.006262"
"5/7/2018 10:32:37 PM","lillypads5.png","\\beast\c\initium\Initium-Resources\war\images\2d\reeds\lillypads5.png","0.0288410186767578","162","224","0.036288"
"5/7/2018 10:32:39 PM","lillypads6.png","\\beast\c\initium\Initium-Resources\war\images\2d\reeds\lillypads6.png","0.0490007400512695","162","224","0.036288"
"5/7/2018 10:32:42 PM","lillypads7.png","\\beast\c\initium\Initium-Resources\war\images\2d\reeds\lillypads7.png","0.0365877151489258","162","224","0.036288"
"5/7/2018 10:32:45 PM","lillypads8.png","\\beast\c\initium\Initium-Resources\war\images\2d\reeds\lillypads8.png","0.0186367034912109","26","44","0.001144"
"5/7/2018 10:32:47 PM","lillypads9.png","\\beast\c\initium\Initium-Resources\war\images\2d\reeds\lillypads9.png","0.0234003067016602","94","175","0.01645"
"5/9/2018 11:01:09 AM","rock1.png","\\beast\c\initium\Initium-Resources\war\images\2d\rocks\rock1.png","0.0190954208374023","112","151","0.016912"
"5/9/2018 10:50:17 AM","rock2.png","\\beast\c\initium\Initium-Resources\war\images\2d\rocks\rock2.png","0.00339412689208984","42","38","0.001596"
"5/9/2018 10:59:47 AM","rock3.png","\\beast\c\initium\Initium-Resources\war\images\2d\rocks\rock3.png","0.00556087493896484","50","65","0.00325"
"5/9/2018 10:58:32 AM","rock4.png","\\beast\c\initium\Initium-Resources\war\images\2d\rocks\rock4.png","0.0309076309204102","167","175","0.029225"
"5/9/2018 10:56:38 AM","rock5.png","\\beast\c\initium\Initium-Resources\war\images\2d\rocks\rock5.png","0.0467348098754883","217","226","0.049042"
"5/22/2018 6:57:33 AM","birchtree1-raw.png","\\beast\c\initium\Initium-Resources\war\images\2d\trees\birchtree1-raw.png","0.86058235168457","1920","1080","2.0736"
"5/22/2018 6:58:03 AM","birchtree2-raw.png","\\beast\c\initium\Initium-Resources\war\images\2d\trees\birchtree2-raw.png","0.820825576782227","1920","1080","2.0736"
"5/9/2018 10:24:40 AM","snowtree1.png","\\beast\c\initium\Initium-Resources\war\images\2d\trees\snowtree1.png","0.12435245513916","559","294","0.164346"
"5/9/2018 10:24:44 AM","tree1.png","\\beast\c\initium\Initium-Resources\war\images\2d\trees\tree1.png","0.159699440002441","486","365","0.17739"
"5/9/2018 10:28:42 AM","tree2.png","\\beast\c\initium\Initium-Resources\war\images\2d\trees\tree2.png","0.108726501464844","581","307","0.178367"
"5/9/2018 10:24:49 AM","tree3.png","\\beast\c\initium\Initium-Resources\war\images\2d\trees\tree3.png","0.0602846145629883","461","160","0.07376"
"5/9/2018 10:24:52 AM","tree4.png","\\beast\c\initium\Initium-Resources\war\images\2d\trees\tree4.png","0.0845832824707031","487","199","0.096913"
"5/9/2018 10:24:54 AM","tree5.png","\\beast\c\initium\Initium-Resources\war\images\2d\trees\tree5.png","0.0693483352661133","445","165","0.073425"
"5/9/2018 10:24:57 AM","tree6.png","\\beast\c\initium\Initium-Resources\war\images\2d\trees\tree6.png","0.00927448272705078","73","71","0.005183"
